Method,Greenium_bps,SE_bps,p_value,N
PSM,-2.204580419580422,9.241169420313305,0.8116176351619666,286
OLS,-10.191929000964487,3.3171642573372533,0.0021952768317437454,800
